{"name":"9cb1bf37-7270-4a8f-8a4e-9cefb134e85e","id":"/providers/Microsoft.Flow/flows/9cb1bf37-7270-4a8f-8a4e-9cefb134e85e","type":"Microsoft.Flow/flows","properties":{"apiId":"/providers/Microsoft.PowerApps/apis/shared_logicflows","displayName":"Email - SMG Systems Issues","definition":{"metadata":{"workflowEntityId":null,"processAdvisorMetadata":null,"flowclientsuspensionreason":"None","flowclientsuspensiontime":null,"flowclientsuspensionreasondetails":null,"creator":{"id":"58c72de4-a681-4959-b289-44c245211250","type":"User","tenantId":"44467e6f-462c-4ea2-823f-7800de5434e3"},"provisioningMethod":"FromDefinition","failureAlertSubscription":true,"clientLastModifiedTime":"2022-07-27T14:47:58.9444635Z"},"$schema":"https://schema.management.azure.com/providers/Microsoft.Logic/schemas/2016-06-01/workflowdefinition.json#","contentVersion":"1.0.0.0","parameters":{"$connections":{"defaultValue":{},"type":"Object"},"$authentication":{"defaultValue":{},"type":"SecureObject"}},"triggers":{"When_a_new_email_arrives_in_a_shared_mailbox_(V2)":{"recurrence":{"frequency":"Minute","interval":5},"splitOn":"@triggerOutputs()?['body/value']","metadata":{"operationMetadataId":"05ae015f-351c-47ee-990b-590f4e40cf81"},"type":"OpenApiConnection","inputs":{"host":{"apiId":"/providers/Microsoft.PowerApps/apis/shared_office365","connectionName":"shared_office365","operationId":"SharedMailboxOnNewEmailV2"},"parameters":{"mailboxAddress":"smg-systems-issues@mx.uillinois.edu","folderId":"Inbox","importance":"Any","hasAttachments":false,"includeAttachments":false},"authentication":"@parameters('$authentication')"}}},"actions":{"Create_item":{"runAfter":{},"metadata":{"operationMetadataId":"0f43154a-7eb6-4b54-9f72-cadcc304075e"},"type":"OpenApiConnection","inputs":{"host":{"apiId":"/providers/Microsoft.PowerApps/apis/shared_sharepointonline","connectionName":"shared_sharepointonline","operationId":"PostItem"},"parameters":{"dataset":"https://uillinoisedu.sharepoint.com/sites/SMG","table":"32848a01-cd69-4439-8132-72a287a8640e","item/Title":"@triggerOutputs()?['body/subject']","item/Body":"@triggerOutputs()?['body/body']"},"authentication":"@parameters('$authentication')"}}}},"connectionReferences":{"shared_sharepointonline":{"connectionName":"8e79b94c279044d685b6cc247d15d83a","source":"Embedded","id":"/providers/Microsoft.PowerApps/apis/shared_sharepointonline","tier":"NotSpecified"},"shared_office365":{"connectionName":"shared-office365-e6726595-041f-41d2-8cdb-5c601d836a85","source":"Embedded","id":"/providers/Microsoft.PowerApps/apis/shared_office365","tier":"NotSpecified"}},"flowFailureAlertSubscribed":false,"isManaged":false}}